Song Name,Album Name
A-YO,Joanne (Deluxe)
Alejandro,The Fame Monster (Deluxe)
Alibi,A Star Is Born Soundtrack (Without Dialogue)
Always Remember Us This Way,A Star Is Born Soundtrack (Without Dialogue)
Americano,Born This Way
Angel Down,Joanne (Deluxe)
Angel Down - Work Tape,Joanne (Deluxe)
Bad Kids,Born This Way
Bad Romance,The Fame Monster (Deluxe)
"Beautiful, Dirty, Rich",The Fame
Before I Cry,A Star Is Born Soundtrack (Without Dialogue)
Black Eyes,A Star Is Born Soundtrack (Without Dialogue)
Bloody Mary,Born This Way
Born This Way,Born This Way
Boys Boys Boys,The Fame
Brown Eyes,The Fame
Come To Mama,Joanne (Deluxe)
Dance In The Dark,The Fame Monster (Deluxe)
Dancin' In Circles,Joanne (Deluxe)
Diamond Heart,Joanne (Deluxe)
Diggin' My Grave,A Star Is Born Soundtrack (Without Dialogue)
"Eh, Eh (Nothing Else I Can Say)",The Fame
Electric Chapel,Born This Way
Fabulous French - Dialogue,A Star Is Born Soundtrack
"First Stop, Arizona - Dialogue",A Star Is Born Soundtrack
Government Hooker,Born This Way
Grigio Girls,Joanne (Deluxe)
Hair,Born This Way
Hair Body Face,A Star Is Born Soundtrack (Without Dialogue)
Heal Me,A Star Is Born Soundtrack (Without Dialogue)
Heavy Metal Lover,Born This Way
Hey Girl,Joanne (Deluxe)
Highway Unicorn (Road To Love),Born This Way
How Do You Hear It? - Dialogue,A Star Is Born Soundtrack
I Don't Know What Love Is,A Star Is Born Soundtrack (Without Dialogue)
I Like It Rough,The Fame
I Love You - Dialogue,A Star Is Born Soundtrack
I'll Never Love - Extended Version - Radio Edit,A Star Is Born Soundtrack (Without Dialogue)
I'll Never Love Again - Extended Version,A Star Is Born Soundtrack
I'll Never Love Again - Film Version,A Star Is Born Soundtrack
I'll Never Love Again - Film Version - Radio Edit,A Star Is Born Soundtrack (Without Dialogue)
I'll Wait For You - Dialogue,A Star Is Born Soundtrack
Intro,A Star Is Born Soundtrack
Is That Alright?,A Star Is Born Soundtrack (Without Dialogue)
Joanne,Joanne (Deluxe)
John Wayne,Joanne (Deluxe)
Judas,Born This Way
Just Another Day,Joanne (Deluxe)
Just Dance,The Fame
La Vie En Rose,A Star Is Born Soundtrack (Without Dialogue)
Look What I Found,A Star Is Born Soundtrack (Without Dialogue)
LoveGame,The Fame
Marry The Night,Born This Way
Maybe It's Time,A Star Is Born Soundtrack (Without Dialogue)
Memphis - Dialogue,A Star Is Born Soundtrack
Million Reasons,Joanne (Deluxe)
Money Honey,The Fame
Monster,The Fame Monster (Deluxe)
Music To My Eyes,A Star Is Born Soundtrack (Without Dialogue)
Out Of Time,A Star Is Born Soundtrack (Without Dialogue)
Paparazzi,The Fame
Paper Gangsta,The Fame
Parking Lot - Dialogue,A Star Is Born Soundtrack
Perfect Illusion,Joanne (Deluxe)
Poker Face,The Fame
SNL - Dialogue,A Star Is Born Soundtrack
Scene 98,A Star Is Born Soundtrack
Scene 98 - Dialogue,A Star Is Born Soundtrack
Schei√üe,Born This Way
Shallow,A Star Is Born Soundtrack
Shallow - Radio Edit,A Star Is Born Soundtrack (Without Dialogue)
Sinner's Prayer,Joanne (Deluxe)
So Happy I Could Die,The Fame Monster (Deluxe)
Somewhere Over The Rainbow - Dialogue,A Star Is Born Soundtrack
Speechless,The Fame Monster (Deluxe)
Starstruck,The Fame
Summerboy,The Fame
Teeth,The Fame Monster (Deluxe)
Telephone,The Fame Monster (Deluxe)
The Edge Of Glory,Born This Way
The Fame,The Fame
Too Far Gone,A Star Is Born Soundtrack (Without Dialogue)
Trust Me,A Star Is Born Soundtrack
Trust Me - Dialogue,A Star Is Born Soundtrack
Twelve Notes - Dialogue,A Star Is Born Soundtrack
Unbelievable - Dialogue,A Star Is Born Soundtrack
Vows - Dialogue,A Star Is Born Soundtrack
Why Did You Do That?,A Star Is Born Soundtrack (Without Dialogue)
You And I,Born This Way
